Exchange,perc
Binance  Centralized,0.2658329038208878
OKX  Centralized,0.28088888764580544
Coinbase Exchange  Centralized,0.2901672215772941
FTX  Centralized,0.5140410831990435
Gate.io  Centralized,0.23841214230473995
KuCoin  Centralized,0.20201289789304877
Bybit  Centralized,0.17829014926960118
Huobi Global  Centralized,0.0280518389367094
Kraken  Centralized,0.9470762246672826
Binance US  Centralized,0.39966250038812184
_BitMart  Centralized,0.23159344669188217
Grand Total,0.27588560857932665
